<?xml version="1.0" encoding="UTF-8"?>
<project-private xmlns="http://www.netbeans.org/ns/project-private/1">
    <editor-bookmarks xmlns="http://www.netbeans.org/ns/editor-bookmarks/2" lastBookmarkId="0"/>
    <open-files xmlns="http://www.netbeans.org/ns/projectui-open-files/2">
        <group>
            <file>file:/Users/aaronyang/Documents/OneDrive%20-%20University%20of%20Cincinnati/18%20fall/160_CS1/Assignments/Lab07/Lab07_ZhenhuaYang/src/Triangle.java</file>
            <file>file:/Users/aaronyang/Documents/OneDrive%20-%20University%20of%20Cincinnati/18%20fall/160_CS1/Assignments/Lab07/Lab07_ZhenhuaYang/src/Tempreture.java</file>
            <file>file:/Users/aaronyang/Documents/OneDrive%20-%20University%20of%20Cincinnati/18%20fall/160_CS1/Assignments/Lab07/Lab07_ZhenhuaYang/src/LeapYear.java</file>
        </group>
    </open-files>
</project-private>
