<?xml version="1.0" encoding="UTF-8"?>
<project-private xmlns="http://www.netbeans.org/ns/project-private/1">
    <editor-bookmarks xmlns="http://www.netbeans.org/ns/editor-bookmarks/2" lastBookmarkId="0"/>
    <open-files xmlns="http://www.netbeans.org/ns/projectui-open-files/2">
        <group>
            <file>file:/Users/aaronyang/Documents/OneDrive%20-%20North%20Dakota%20University%20System/GitHubFolder/ComputerScience1_Assignments/HomeAssignment06_ZhenhuaYang/src/Employee.java</file>
            <file>file:/Users/aaronyang/Documents/OneDrive%20-%20North%20Dakota%20University%20System/GitHubFolder/ComputerScience1_Assignments/HomeAssignment06_ZhenhuaYang/src/EmployeeTest.java</file>
        </group>
    </open-files>
</project-private>
