<?xml version="1.0" encoding="UTF-8"?>
<project-private xmlns="http://www.netbeans.org/ns/project-private/1">
    <editor-bookmarks xmlns="http://www.netbeans.org/ns/editor-bookmarks/2" lastBookmarkId="0"/>
    <open-files xmlns="http://www.netbeans.org/ns/projectui-open-files/2">
        <group>
            <file>file:/C:/Users/kotala/Documents/Teaching/Fall%202013/CSci%20160%20-%20Fall%202013/NetBeanProjects/Chapter06/src/CellService.java</file>
            <file>file:/C:/Users/kotala/Documents/Teaching/Fall%202013/CSci%20160%20-%20Fall%202013/NetBeanProjects/Chapter06/src/CountTestScores.java</file>
            <file>file:/C:/Users/kotala/Documents/Teaching/Fall%202013/CSci%20160%20-%20Fall%202013/NetBeanProjects/Chapter06/src/Calculator.java</file>
            <file>file:/C:/Users/kotala/Documents/Teaching/Fall%202013/CSci%20160%20-%20Fall%202013/NetBeanProjects/Chapter06/src/Backwards.java</file>
            <file>file:/C:/Users/kotala/Documents/Teaching/Fall%202013/CSci%20160%20-%20Fall%202013/NetBeanProjects/Chapter06/src/EchoFileData.java</file>
            <file>file:/C:/Users/kotala/Documents/Teaching/Fall%202013/CSci%20160%20-%20Fall%202013/NetBeanProjects/Chapter06/src/EchoUserInput.java</file>
            <file>file:/C:/Users/kotala/Documents/Teaching/Fall%202013/CSci%20160%20-%20Fall%202013/NetBeanProjects/Chapter06/src/Factors.java</file>
            <file>file:/C:/Users/kotala/Documents/Teaching/Fall%202013/CSci%20160%20-%20Fall%202013/NetBeanProjects/Chapter06/src/FindMaximumGrade.java</file>
            <file>file:/C:/Users/kotala/Documents/Teaching/Fall%202013/CSci%20160%20-%20Fall%202013/NetBeanProjects/Chapter06/src/NestedForLoops.java</file>
            <file>file:/C:/Users/kotala/Documents/Teaching/Fall%202013/CSci%20160%20-%20Fall%202013/NetBeanProjects/Chapter06/src/PrintEven.java</file>
            <file>file:/C:/Users/kotala/Documents/Teaching/Fall%202013/CSci%20160%20-%20Fall%202013/NetBeanProjects/Chapter06/src/ReadInteger.java</file>
            <file>file:/C:/Users/kotala/Documents/Teaching/Fall%202013/CSci%20160%20-%20Fall%202013/NetBeanProjects/Chapter06/src/Sum5Numbers.java</file>
            <file>file:/C:/Users/kotala/Documents/Teaching/Fall%202013/CSci%20160%20-%20Fall%202013/NetBeanProjects/Chapter06/src/Test.java</file>
            <file>file:/C:/Users/kotala/Documents/Teaching/Fall%202013/CSci%20160%20-%20Fall%202013/NetBeanProjects/Chapter06/src/TypeSafeReadInteger.java</file>
            <file>file:/C:/Users/kotala/Documents/Teaching/Fall%202013/CSci%20160%20-%20Fall%202013/NetBeanProjects/Chapter06/src/Unicode.java</file>
            <file>file:/C:/Users/kotala/Documents/Teaching/Fall%202013/CSci%20160%20-%20Fall%202013/NetBeanProjects/Chapter06/src/ValidateInput.java</file>
        </group>
    </open-files>
</project-private>
